{
  "version": 1,
  "author": "Ehab mohammed",
  "editor": "wokwi",
  "parts": [
    { "type": "board-esp32-devkit-c-v4", "id": "esp", "top": 9.6, "left": -4.76, "attrs": {} },
    {
      "type": "wokwi-led",
      "id": "led1",
      "top": 178.8,
      "left": -188.2,
      "attrs": { "color": "red" }
    },
    {
      "type": "wokwi-dht22",
      "id": "dht1",
      "top": 48.3,
      "left": -235.8,
      "attrs": { "humidity": "14", "temperature": "0.2" }
    },
    {
      "type": "wokwi-resistor",
      "id": "r1",
      "top": 224.75,
      "left": -124.8,
      "attrs": { "value": "220" }
    },
    {
      "type": "wokwi-buzzer",
      "id": "bz1",
      "top": 108,
      "left": 193.8,
      "attrs": { "volume": "0.1" }
    }
  ],
  "connections": [
    [ "esp:TX", "$serialMonitor:RX", "", [] ],
    [ "esp:RX", "$serialMonitor:TX", "", [] ],
    [ "dht1:GND", "esp:GND.1", "black", [ "v9.6", "h86.4", "v-57.6" ] ],
    [ "dht1:VCC", "esp:3V3", "red", [ "h-38.4", "v-163.2", "h249.45" ] ],
    [ "led1:A", "r1:1", "gold", [ "v0" ] ],
    [ "led1:C", "esp:GND.1", "black", [ "v38.4", "h173.05" ] ],
    [ "esp:18", "bz1:2", "red", [ "h57.6", "v115.2", "h77.2" ] ],
    [ "bz1:1", "esp:GND.2", "black", [ "h-48", "v-9.6" ] ],
    [ "r1:2", "esp:12", "gold", [ "v0", "h46.8", "v-76.8" ] ],
    [ "esp:15", "dht1:SDA", "green", [ "h14.44", "v134.4", "h-312.14" ] ]
  ],
  "dependencies": {}
}